domain,token,order
survey_identifiers,id,1
survey_identifiers,lineage,2
survey_identifiers,pnum,3
survey_identifiers,fuid_19*,4
survey_identifiers,fuid_20*,5
survey_identifiers,hhdid_19*,6
survey_identifiers,hhdid_20*,7
survey_identifiers,respondent_19*,8
survey_identifiers,respondent_20*,9
survey_identifiers,respondent_ext_19*,10
survey_identifiers,respondent_ext_20*,11
survey_identifiers,rindiv_19*,12
survey_identifiers,rindiv_20*,13
survey_identifiers,rel_19*,14
survey_identifiers,rel_20*,15
survey_identifiers,rel_ext_19*,16
survey_identifiers,rel_ext_20*,17
survey_identifiers,refcouple_19*,18
survey_identifiers,refcouple_20*,19
survey_identifiers,sample,20
survey_identifiers,sampstat,21
survey_identifiers,sampstat_ext,22
panel_status,seqnum_19*,1
panel_status,seqnum_20*,2
panel_status,response_19*,3
panel_status,response_20*,4
panel_status,response_ext_19*,5
panel_status,response_ext_20*,6
panel_status,panel_current_19*,7
panel_status,panel_current_20*,8
panel_status,panel_inst_19*,9
panel_status,panel_inst_20*,10
panel_status,panel_move_19*,11
panel_status,panel_move_20*,12
panel_status,panel_drop_stat,13
panel_status,panel_drop_rein_19*,14
panel_status,panel_drop_rein_20*,15
panel_status,panel_rein_elig_19*,16
panel_status,panel_rein_elig_20*,17
sample_design,fw_19*,1
sample_design,fw_20*,2
sample_design,fw_cross_19*,3
sample_design,fw_cross_20*,4
sample_design,fw_latin_main_19*,5
sample_design,fw_latin_only_19*,6
sample_design,iw_19*,7
sample_design,iw_20*,8
sample_design,iw_cross_19*,9
sample_design,iw_cross_20*,10
sample_design,iw_latin_main_19*,11
sample_design,iw_latin_only_19*,12
sample_design,stratum,13
sample_design,cluster,14
demographics,demo_sex,1
demographics,demo_birth_year,2
demographics,demo_birth_month,3
demographics,demo_death_rep,4
demographics,demo_death_year,5
demographics,demo_age_gen_19*,6
demographics,demo_age_gen_20*,7
demographics,demo_age_rep_19*,8
demographics,demo_age_rep_20*,9
education,edu_year_19*,1
education,edu_year_20*,2
education,edu_year_rp_19*,3
education,edu_year_rp_20*,4
education,edu_year_sp_19*,5
education,edu_year_sp_20*,6
education,edu_year_max,7
education,edu_year_max_rp_19*,8
education,edu_year_max_rp_20*,9
education,edu_year_max_sp_19*,10
education,edu_year_max_sp_20*,11
education,edu_level_19*,12
education,edu_level_20*,13
education,edu_level_rp_19*,14
education,edu_level_rp_20*,15
education,edu_level_sp_19*,16
education,edu_level_sp_20*,17
education,edu_level_max,18
education,edu_level_max_rp_19*,19
education,edu_level_max_rp_20*,20
education,edu_level_max_sp_19*,21
education,edu_level_max_sp_20*,22
education,edu_grde_19*,23
education,edu_hsch_19*,24
education,edu_hsch_20*,25
education,edu_coll_att_19*,26
education,edu_coll_att_20*,27
education,edu_coll_deg_19*,28
education,edu_coll_deg_20*,29
education,edu_coll_gra_19*,30
education,edu_coll_gra_20*,31
education,edu_coll_num_19*,32
education,edu_coll_num_20*,33
education,edu_icol_att_19*,34
education,edu_icol_att_20*,35
education,edu_icol_deg_19*,36
education,edu_icol_deg_20*,37
family_type,fam_size_19*,1
family_type,fam_size_20*,2
family_type,fam_size_chi_19*,3
family_type,fam_size_chi_20*,4
family_type,fam_partnered_19*,5
family_type,fam_partnered_20*,6
family_type,fam_parstat_19*,7
family_type,fam_parstat_20*,8
family_type,fam_partype_19*,9
family_type,fam_partype_20*,10
family_type,fam_married_19*,11
family_type,fam_married_20*,12
family_type,fam_marstat_19*,13
family_type,fam_marstat_20*,14
geography,geo_region_19*,1
geography,geo_region_20*,2
geography,geo_state_19*,3
geography,geo_state_20*,4
geography,geo_metro_20*,5
geography,cgeo_region,6
geography,cgeo_state,7
race_ethnicity,race_eth_maj,1
race_ethnicity,race_eth_maj_col,2
race_ethnicity,race_eth_mm_maj,3
race_ethnicity,race_eth_mm_maj_col,4
race_ethnicity,race_eth_maj_rp_19*,5
race_ethnicity,race_eth_maj_rp_20*,6
race_ethnicity,race_eth_maj_sp_19*,7
race_ethnicity,race_eth_maj_sp_20*,8
race_ethnicity,race_eth_maj_col_rp_19*,9
race_ethnicity,race_eth_maj_col_rp_20*,10
race_ethnicity,race_eth_maj_col_sp_19*,11
race_ethnicity,race_eth_maj_col_sp_20*,12
race_ethnicity,race_eth_mm_maj_rp_19*,13
race_ethnicity,race_eth_mm_maj_rp_20*,14
race_ethnicity,race_eth_mm_maj_sp_19*,15
race_ethnicity,race_eth_mm_maj_sp_20*,16
race_ethnicity,race_eth_mm_maj_col_rp_19*,17
race_ethnicity,race_eth_mm_maj_col_rp_20*,18
race_ethnicity,race_eth_mm_maj_col_sp_19*,19
race_ethnicity,race_eth_mm_maj_col_sp_20*,20
race_ethnicity,eth_only_span_19*,21
race_ethnicity,eth_only_span_20*,22
race_ethnicity,race_only_1m_19*,23
race_ethnicity,race_only_1m_20*,24
race_ethnicity,race_only_2m_19*,25
race_ethnicity,race_only_2m_20*,26
race_ethnicity,race_only_3m_19*,27
race_ethnicity,race_only_3m_20*,28
race_ethnicity,race_only_4m_19*,29
race_ethnicity,race_only_4m_20*,30
time_use,time_acar_20*,1
time_use,time_ccar_20*,2
time_use,time_educ_20*,3
time_use,time_hous_19*,4
time_use,time_hous_20*,5
time_use,time_leis_20*,6
time_use,time_pers_20*,7
time_use,time_shop_20*,8
time_use,time_volu_20*,9
time_use,time_work_20*,10
chronic_conditions,ccon_arth_diag_any_19*,1
chronic_conditions,ccon_arth_diag_any_20*,2
chronic_conditions,ccon_arth_diag_age_20*,3
chronic_conditions,ccon_arth_degr_19*,4
chronic_conditions,ccon_arth_degr_20*,5
chronic_conditions,ccon_arth_care_20*,6
chronic_conditions,ccon_asth_diag_any_19*,7
chronic_conditions,ccon_asth_diag_any_20*,8
chronic_conditions,ccon_asth_diag_age_20*,9
chronic_conditions,ccon_asth_degr_19*,10
chronic_conditions,ccon_asth_degr_20*,11
chronic_conditions,ccon_asth_care_20*,12
chronic_conditions,ccon_canc_diag_any_19*,13
chronic_conditions,ccon_canc_diag_any_20*,14
chronic_conditions,ccon_canc_diag_age_20*,15
chronic_conditions,ccon_canc_degr_19*,16
chronic_conditions,ccon_canc_degr_20*,17
chronic_conditions,ccon_canc_stat_20*,18
chronic_conditions,ccon_canc_type_1m_20*,19
chronic_conditions,ccon_canc_type_2m_20*,20
chronic_conditions,ccon_diab_diag_any_19*,21
chronic_conditions,ccon_diab_diag_any_20*,22
chronic_conditions,ccon_diab_diag_age_20*,23
chronic_conditions,ccon_diab_degr_19*,24
chronic_conditions,ccon_diab_degr_20*,25
chronic_conditions,ccon_diab_care_20*,26
chronic_conditions,ccon_emop_diag_any_19*,27
chronic_conditions,ccon_emop_diag_any_20*,28
chronic_conditions,ccon_emop_diag_age_20*,29
chronic_conditions,ccon_emop_degr_19*,30
chronic_conditions,ccon_emop_degr_20*,31
chronic_conditions,ccon_emop_care_20*,32
chronic_conditions,ccon_emop_type_1m_20*,33
chronic_conditions,ccon_emop_type_2m_20*,34
chronic_conditions,ccon_emop_type_3m_20*,35
chronic_conditions,ccon_hatt_diag_any_19*,36
chronic_conditions,ccon_hatt_diag_any_20*,37
chronic_conditions,ccon_hatt_diag_age_20*,38
chronic_conditions,ccon_hatt_diag_2nd_20*,39
chronic_conditions,ccon_hatt_degr_19*,40
chronic_conditions,ccon_hatt_degr_20*,41
chronic_conditions,ccon_hatt_care_20*,42
chronic_conditions,ccon_hdis_diag_any_19*,43
chronic_conditions,ccon_hdis_diag_any_20*,44
chronic_conditions,ccon_hdis_diag_age_20*,45
chronic_conditions,ccon_hdis_degr_19*,46
chronic_conditions,ccon_hdis_degr_20*,47
chronic_conditions,ccon_hdis_care_20*,48
chronic_conditions,ccon_hibp_diag_any_19*,49
chronic_conditions,ccon_hibp_diag_any_20*,50
chronic_conditions,ccon_hibp_diag_age_20*,51
chronic_conditions,ccon_hibp_degr_19*,52
chronic_conditions,ccon_hibp_degr_20*,53
chronic_conditions,ccon_hibp_care_20*,54
chronic_conditions,ccon_ldis_diag_any_19*,55
chronic_conditions,ccon_ldis_diag_any_20*,56
chronic_conditions,ccon_ldis_diag_age_20*,57
chronic_conditions,ccon_ldis_degr_19*,58
chronic_conditions,ccon_ldis_degr_20*,59
chronic_conditions,ccon_ldis_care_20*,60
chronic_conditions,ccon_lmem_diag_any_19*,61
chronic_conditions,ccon_lmem_diag_any_20*,62
chronic_conditions,ccon_lmem_diag_age_20*,63
chronic_conditions,ccon_lmem_degr_19*,64
chronic_conditions,ccon_lmem_degr_20*,65
chronic_conditions,ccon_lmem_care_20*,66
chronic_conditions,ccon_lung_diag_any_19*,67
chronic_conditions,ccon_lung_diag_any_20*,68
chronic_conditions,ccon_lung_diag_age_20*,69
chronic_conditions,ccon_lung_degr_19*,70
chronic_conditions,ccon_lung_degr_20*,71
chronic_conditions,ccon_lung_care_20*,72
chronic_conditions,ccon_stro_diag_any_19*,73
chronic_conditions,ccon_stro_diag_any_20*,74
chronic_conditions,ccon_stro_diag_age_20*,75
chronic_conditions,ccon_stro_diag_2nd_20*,76
chronic_conditions,ccon_stro_degr_19*,77
chronic_conditions,ccon_stro_degr_20*,78
chronic_conditions,ccon_stro_care_20*,79
chronic_conditions,ccon_ocon_diag_any_20*,80
chronic_conditions,ccon_ocon_diag_age_20*,81
chronic_conditions,ccon_ocon_degr_20*,82
chronic_conditions,ccon_ocon_care_20*,83
chronic_conditions,ccon_ocon_type_20*,84
covid_19,covid_vacc_20*,1
covid_19,covid_posi_20*,2
covid_19,covid_medi_20*,3
covid_19,covid_test_20*,4
covid_19,covid_diag_20*,5
covid_19,covid_symp_20*,6
covid_19,covid_hosp_any_20*,7
covid_19,covid_hosp_num_20*,8
covid_19,covid_hosp_treat_icu_20*,9
covid_19,covid_hosp_treat_oxy_20*,10
covid_19,covid_hosp_treat_ven_20*,11
covid_19,covid_hosp_treat_oth_20*,12
covid_19,covid_ling_any_20*,13
covid_19,covid_ling_type_20*,14
covid_19,covid_ling_sev_20*,15
dementia,dmnt_score_tot_20*,1
dementia,dmnt_score_cut_20*,2
dementia,dmnt_elig_20*,3
dementia,dmnt_q1_any_20*,4
dementia,dmnt_q2_any_20*,5
dementia,dmnt_q3_any_20*,6
dementia,dmnt_q4_any_20*,7
dementia,dmnt_q5_any_20*,8
dementia,dmnt_q6_any_20*,9
dementia,dmnt_q7_any_20*,10
dementia,dmnt_q8_any_20*,11
depression,dep_score_tot_20*,1
depression,dep_score_cut_20*,2
depression,dep_degr_20*,3
depression,dep_q1_freq_20*,4
depression,dep_q2_freq_20*,5
depression,dep_q3_freq_20*,6
depression,dep_q4_freq_20*,7
depression,dep_q5_freq_20*,8
depression,dep_q6_freq_20*,9
disability,adl_sum_tot_19*,1
disability,adl_sum_tot_20*,2
disability,adl_sum_any_19*,3
disability,adl_sum_any_20*,4
disability,adl_q1_any_19*,5
disability,adl_q1_any_20*,6
disability,adl_q1_hlp_19*,7
disability,adl_q1_hlp_20*,8
disability,adl_q2_any_19*,9
disability,adl_q2_any_20*,10
disability,adl_q2_hlp_19*,11
disability,adl_q2_hlp_20*,12
disability,adl_q3_any_19*,13
disability,adl_q3_any_20*,14
disability,adl_q3_hlp_19*,15
disability,adl_q3_hlp_20*,16
disability,adl_q4_any_19*,17
disability,adl_q4_any_20*,18
disability,adl_q4_hlp_19*,19
disability,adl_q4_hlp_20*,20
disability,adl_q5_any_19*,21
disability,adl_q5_any_20*,22
disability,adl_q5_hlp_19*,23
disability,adl_q5_hlp_20*,24
disability,adl_q6_any_19*,25
disability,adl_q6_any_20*,26
disability,adl_q6_hlp_19*,27
disability,adl_q6_hlp_20*,28
disability,adl_q7_any_19*,29
disability,adl_q7_any_20*,30
disability,adl_q7_hlp_19*,31
disability,adl_q7_hlp_20*,32
disability,iadl_sum_tot_19*,33
disability,iadl_sum_tot_20*,34
disability,iadl_sum_any_19*,35
disability,iadl_sum_any_20*,36
disability,iadl_q1_any_19*,37
disability,iadl_q1_any_20*,38
disability,iadl_q1_hea_19*,39
disability,iadl_q1_hea_20*,40
disability,iadl_q2_any_19*,41
disability,iadl_q2_any_20*,42
disability,iadl_q2_hea_19*,43
disability,iadl_q2_hea_20*,44
disability,iadl_q3_any_19*,45
disability,iadl_q3_any_20*,46
disability,iadl_q3_hea_19*,47
disability,iadl_q3_hea_20*,48
disability,iadl_q4_any_19*,49
disability,iadl_q4_any_20*,50
disability,iadl_q4_hea_19*,51
disability,iadl_q4_hea_20*,52
disability,iadl_q5_any_19*,53
disability,iadl_q5_any_20*,54
disability,iadl_q5_hea_19*,55
disability,iadl_q5_hea_20*,56
disability,iadl_q6_any_19*,57
disability,iadl_q6_any_20*,58
disability,iadl_q6_hea_19*,59
disability,iadl_q6_hea_20*,60
general_wellbeing,nhlth_birth_wght,1
general_wellbeing,ghlth_stat_19*,2
general_wellbeing,ghlth_stat_20*,3
general_wellbeing,ghlth_poor_19*,4
general_wellbeing,ghlth_poor_20*,5
general_wellbeing,ghlth_chng_19*,6
general_wellbeing,ghlth_chng_20*,7
general_wellbeing,hosp_any_19*,8
general_wellbeing,hosp_any_20*,9
general_wellbeing,hosp_num_19*,10
general_wellbeing,hosp_num_20*,11
general_wellbeing,body_hght_in_19*,12
general_wellbeing,body_hght_in_20*,13
general_wellbeing,body_hght_cm_19*,14
general_wellbeing,body_hght_cm_20*,15
general_wellbeing,body_wght_lb_19*,16
general_wellbeing,body_wght_lb_20*,17
general_wellbeing,body_wght_kg_19*,18
general_wellbeing,body_wght_kg_20*,19
general_wellbeing,life_stat_20*,20
earnings,earn_tot_nd_19*,1
earnings,earn_tot_nd_20*,2
earnings,earn_tot_ndf_19*,3
earnings,earn_tot_ndf_20*,4
earnings,earn_tot_rd_19*,5
earnings,earn_tot_rd_20*,6
earnings,earn_tot_rdf_19*,7
earnings,earn_tot_rdf_20*,8
earnings,earn_tot_nd_rp_19*,9
earnings,earn_tot_nd_rp_20*,10
earnings,earn_tot_nd_sp_19*,11
earnings,earn_tot_nd_sp_20*,12
earnings,earn_tot_ndf_rp_19*,13
earnings,earn_tot_ndf_rp_20*,14
earnings,earn_tot_ndf_sp_19*,15
earnings,earn_tot_ndf_sp_20*,16
earnings,earn_tot_rd_rp_19*,17
earnings,earn_tot_rd_rp_20*,18
earnings,earn_tot_rd_sp_19*,19
earnings,earn_tot_rd_sp_20*,20
earnings,earn_tot_rdf_rp_19*,21
earnings,earn_tot_rdf_rp_20*,22
earnings,earn_tot_rdf_sp_19*,23
earnings,earn_tot_rdf_sp_20*,24
employment,emp_stat_1m_19*,1
employment,emp_stat_1m_20*,2
employment,emp_stat_2m_19*,3
employment,emp_stat_2m_20*,4
employment,emp_stat_3m_19*,5
employment,emp_stat_3m_20*,6
employment,emp_stat_1m_rp_19*,7
employment,emp_stat_1m_rp_20*,8
employment,emp_stat_2m_rp_19*,9
employment,emp_stat_2m_rp_20*,10
employment,emp_stat_3m_rp_19*,11
employment,emp_stat_3m_rp_20*,12
employment,emp_stat_1m_sp_19*,13
employment,emp_stat_1m_sp_20*,14
employment,emp_stat_2m_sp_19*,15
employment,emp_stat_2m_sp_20*,16
employment,emp_stat_3m_sp_19*,17
employment,emp_stat_3m_sp_20*,18
employment,emp_work_19*,19
employment,emp_work_20*,20
employment,emp_work_rp_19*,21
employment,emp_work_rp_20*,22
employment,emp_work_sp_19*,23
employment,emp_work_sp_20*,24
employment,emp_work_mm_19*,25
employment,emp_work_mm_20*,26
employment,emp_work_mm_rp_19*,27
employment,emp_work_mm_rp_20*,28
employment,emp_work_mm_sp_19*,29
employment,emp_work_mm_sp_20*,30
expenditures,expn_tot_nd_19*,1
expenditures,expn_tot_nd_20*,2
expenditures,expn_tot_ndf_19*,3
expenditures,expn_tot_ndf_20*,4
expenditures,expn_tot_rd_19*,5
expenditures,expn_tot_rd_20*,6
expenditures,expn_tot_rdf_19*,7
expenditures,expn_tot_rdf_20*,8
expenditures,expn_tot_irv_nd_20*,9
expenditures,expn_tot_irv_ndf_20*,10
expenditures,expn_tot_irv_rd_20*,11
expenditures,expn_tot_irv_rdf_20*,12
expenditures,expn_ccar_tot_nd_19*,13
expenditures,expn_ccar_tot_nd_20*,14
expenditures,expn_ccar_tot_ndf_19*,15
expenditures,expn_ccar_tot_ndf_20*,16
expenditures,expn_ccar_tot_rd_19*,17
expenditures,expn_ccar_tot_rd_20*,18
expenditures,expn_ccar_tot_rdf_19*,19
expenditures,expn_ccar_tot_rdf_20*,20
expenditures,expn_clot_tot_nd_20*,21
expenditures,expn_clot_tot_ndf_20*,22
expenditures,expn_clot_tot_rd_20*,23
expenditures,expn_clot_tot_rdf_20*,24
expenditures,expn_comp_tot_nd_20*,25
expenditures,expn_comp_tot_ndf_20*,26
expenditures,expn_comp_tot_rd_20*,27
expenditures,expn_comp_tot_rdf_20*,28
expenditures,expn_educ_tot_nd_19*,29
expenditures,expn_educ_tot_nd_20*,30
expenditures,expn_educ_tot_ndf_19*,31
expenditures,expn_educ_tot_ndf_20*,32
expenditures,expn_educ_tot_rd_19*,33
expenditures,expn_educ_tot_rd_20*,34
expenditures,expn_educ_tot_rdf_19*,35
expenditures,expn_educ_tot_rdf_20*,36
expenditures,expn_food_tot_nd_19*,37
expenditures,expn_food_tot_nd_20*,38
expenditures,expn_food_tot_ndf_19*,39
expenditures,expn_food_tot_ndf_20*,40
expenditures,expn_food_tot_rd_19*,41
expenditures,expn_food_tot_rd_20*,42
expenditures,expn_food_tot_rdf_19*,43
expenditures,expn_food_tot_rdf_20*,44
expenditures,expn_hlth_tot_nd_19*,45
expenditures,expn_hlth_tot_nd_20*,46
expenditures,expn_hlth_tot_ndf_19*,47
expenditures,expn_hlth_tot_ndf_20*,48
expenditures,expn_hlth_tot_rd_19*,49
expenditures,expn_hlth_tot_rd_20*,50
expenditures,expn_hlth_tot_rdf_19*,51
expenditures,expn_hlth_tot_rdf_20*,52
expenditures,expn_hlth_doc_nd_19*,53
expenditures,expn_hlth_doc_nd_20*,54
expenditures,expn_hlth_doc_ndf_19*,55
expenditures,expn_hlth_doc_ndf_20*,56
expenditures,expn_hlth_doc_rd_19*,57
expenditures,expn_hlth_doc_rd_20*,58
expenditures,expn_hlth_doc_rdf_19*,59
expenditures,expn_hlth_doc_rdf_20*,60
expenditures,expn_hlth_hos_nd_19*,61
expenditures,expn_hlth_hos_nd_20*,62
expenditures,expn_hlth_hos_ndf_19*,63
expenditures,expn_hlth_hos_ndf_20*,64
expenditures,expn_hlth_hos_rd_19*,65
expenditures,expn_hlth_hos_rd_20*,66
expenditures,expn_hlth_hos_rdf_19*,67
expenditures,expn_hlth_hos_rdf_20*,68
expenditures,expn_hlth_ins_nd_19*,69
expenditures,expn_hlth_ins_nd_20*,70
expenditures,expn_hlth_ins_ndf_19*,71
expenditures,expn_hlth_ins_ndf_20*,72
expenditures,expn_hlth_ins_rd_19*,73
expenditures,expn_hlth_ins_rd_20*,74
expenditures,expn_hlth_ins_rdf_19*,75
expenditures,expn_hlth_ins_rdf_20*,76
expenditures,expn_hlth_pre_nd_19*,77
expenditures,expn_hlth_pre_nd_20*,78
expenditures,expn_hlth_pre_ndf_19*,79
expenditures,expn_hlth_pre_ndf_20*,80
expenditures,expn_hlth_pre_rd_19*,81
expenditures,expn_hlth_pre_rd_20*,82
expenditures,expn_hlth_pre_rdf_19*,83
expenditures,expn_hlth_pre_rdf_20*,84
expenditures,expn_hous_tot_nd_19*,85
expenditures,expn_hous_tot_nd_20*,86
expenditures,expn_hous_tot_ndf_19*,87
expenditures,expn_hous_tot_ndf_20*,88
expenditures,expn_hous_tot_rd_19*,89
expenditures,expn_hous_tot_rd_20*,90
expenditures,expn_hous_tot_rdf_19*,91
expenditures,expn_hous_tot_rdf_20*,92
expenditures,expn_orec_tot_nd_20*,93
expenditures,expn_orec_tot_ndf_20*,94
expenditures,expn_orec_tot_rd_20*,95
expenditures,expn_orec_tot_rdf_20*,96
expenditures,expn_tran_tot_nd_19*,97
expenditures,expn_tran_tot_nd_20*,98
expenditures,expn_tran_tot_ndf_19*,99
expenditures,expn_tran_tot_ndf_20*,100
expenditures,expn_tran_tot_rd_19*,101
expenditures,expn_tran_tot_rd_20*,102
expenditures,expn_tran_tot_rdf_19*,103
expenditures,expn_tran_tot_rdf_20*,104
expenditures,expn_trip_tot_nd_20*,105
expenditures,expn_trip_tot_ndf_20*,106
expenditures,expn_trip_tot_rd_20*,107
expenditures,expn_trip_tot_rdf_20*,108
family_income,finc_tot_nd_19*,1
family_income,finc_tot_nd_20*,2
family_income,finc_tot_ndf_19*,3
family_income,finc_tot_ndf_20*,4
family_income,finc_tot_rd_19*,5
family_income,finc_tot_rd_20*,6
family_income,finc_tot_rdf_19*,7
family_income,finc_tot_rdf_20*,8
occupations,occ_1970c_19*,1
occupations,occ_1970c_20*,2
occupations,occ_2000c_1m_20*,3
occupations,occ_2000c_2m_20*,4
occupations,occ_2000c_3m_20*,5
occupations,occ_2000c_4m_20*,6
occupations,occ_2010c_1m_20*,7
occupations,occ_2010c_2m_20*,8
occupations,occ_2010c_3m_20*,9
occupations,occ_2010c_4m_20*,10
primary_home,home_stat_19*,1
primary_home,home_stat_20*,2
primary_home,home_own_val_nd_19*,3
primary_home,home_own_val_nd_20*,4
primary_home,home_own_val_ndf_19*,5
primary_home,home_own_val_ndf_20*,6
primary_home,home_own_val_rd_19*,7
primary_home,home_own_val_rd_20*,8
primary_home,home_own_val_rdf_19*,9
primary_home,home_own_val_rdf_20*,10
primary_home,home_own_mor_any_1m_19*,11
primary_home,home_own_mor_any_1m_20*,12
primary_home,home_own_mor_any_2m_19*,13
primary_home,home_own_mor_any_2m_20*,14
primary_home,home_own_mor_any_3m_19*,15
primary_home,home_own_mor_any_3m_20*,16
primary_home,home_own_mor_val_1m_nd_19*,17
primary_home,home_own_mor_val_1m_nd_20*,18
primary_home,home_own_mor_val_1m_ndf_19*,19
primary_home,home_own_mor_val_1m_ndf_20*,20
primary_home,home_own_mor_val_1m_rd_19*,21
primary_home,home_own_mor_val_1m_rd_20*,22
primary_home,home_own_mor_val_1m_rdf_19*,23
primary_home,home_own_mor_val_1m_rdf_20*,24
primary_home,home_own_mor_val_2m_nd_19*,25
primary_home,home_own_mor_val_2m_nd_20*,26
primary_home,home_own_mor_val_2m_ndf_19*,27
primary_home,home_own_mor_val_2m_ndf_20*,28
primary_home,home_own_mor_val_2m_rd_19*,29
primary_home,home_own_mor_val_2m_rd_20*,30
primary_home,home_own_mor_val_2m_rdf_19*,31
primary_home,home_own_mor_val_2m_rdf_20*,32
wealth,wlth_tot_net_nd_19*,1
wealth,wlth_tot_net_nd_20*,2
wealth,wlth_tot_net_ndf_19*,3
wealth,wlth_tot_net_ndf_20*,4
wealth,wlth_tot_net_rd_19*,5
wealth,wlth_tot_net_rd_20*,6
wealth,wlth_tot_net_rdf_19*,7
wealth,wlth_tot_net_rdf_20*,8
wealth,wlth_tot_net_xh_nd_19*,9
wealth,wlth_tot_net_xh_nd_20*,10
wealth,wlth_tot_net_xh_ndf_19*,11
wealth,wlth_tot_net_xh_ndf_20*,12
wealth,wlth_tot_net_xh_rd_19*,13
wealth,wlth_tot_net_xh_rd_20*,14
wealth,wlth_tot_net_xh_rdf_19*,15
wealth,wlth_tot_net_xh_rdf_20*,16
wealth,wlth_tot_net_xhr_nd_19*,17
wealth,wlth_tot_net_xhr_nd_20*,18
wealth,wlth_tot_net_xhr_ndf_19*,19
wealth,wlth_tot_net_xhr_ndf_20*,20
wealth,wlth_tot_net_xhr_rd_19*,21
wealth,wlth_tot_net_xhr_rd_20*,22
wealth,wlth_tot_net_xhr_rdf_19*,23
wealth,wlth_tot_net_xhr_rdf_20*,24
wealth,wlth_tot_ass_nd_19*,25
wealth,wlth_tot_ass_nd_20*,26
wealth,wlth_tot_ass_ndf_19*,27
wealth,wlth_tot_ass_ndf_20*,28
wealth,wlth_tot_ass_rd_19*,29
wealth,wlth_tot_ass_rd_20*,30
wealth,wlth_tot_ass_rdf_19*,31
wealth,wlth_tot_ass_rdf_20*,32
wealth,wlth_tot_ass_xh_nd_19*,33
wealth,wlth_tot_ass_xh_nd_20*,34
wealth,wlth_tot_ass_xh_ndf_19*,35
wealth,wlth_tot_ass_xh_ndf_20*,36
wealth,wlth_tot_ass_xh_rd_19*,37
wealth,wlth_tot_ass_xh_rd_20*,38
wealth,wlth_tot_ass_xh_rdf_19*,39
wealth,wlth_tot_ass_xh_rdf_20*,40
wealth,wlth_tot_ass_xhr_nd_19*,41
wealth,wlth_tot_ass_xhr_nd_20*,42
wealth,wlth_tot_ass_xhr_ndf_19*,43
wealth,wlth_tot_ass_xhr_ndf_20*,44
wealth,wlth_tot_ass_xhr_rd_19*,45
wealth,wlth_tot_ass_xhr_rd_20*,46
wealth,wlth_tot_ass_xhr_rdf_19*,47
wealth,wlth_tot_ass_xhr_rdf_20*,48
wealth,wlth_tot_deb_nd_19*,49
wealth,wlth_tot_deb_nd_20*,50
wealth,wlth_tot_deb_ndf_19*,51
wealth,wlth_tot_deb_ndf_20*,52
wealth,wlth_tot_deb_rd_19*,53
wealth,wlth_tot_deb_rd_20*,54
wealth,wlth_tot_deb_rdf_19*,55
wealth,wlth_tot_deb_rdf_20*,56
wealth,wlth_tot_deb_xh_nd_19*,57
wealth,wlth_tot_deb_xh_nd_20*,58
wealth,wlth_tot_deb_xh_ndf_19*,59
wealth,wlth_tot_deb_xh_ndf_20*,60
wealth,wlth_tot_deb_xh_rd_19*,61
wealth,wlth_tot_deb_xh_rd_20*,62
wealth,wlth_tot_deb_xh_rdf_19*,63
wealth,wlth_tot_deb_xh_rdf_20*,64
wealth,wlth_tot_deb_xhr_nd_19*,65
wealth,wlth_tot_deb_xhr_nd_20*,66
wealth,wlth_tot_deb_xhr_ndf_19*,67
wealth,wlth_tot_deb_xhr_ndf_20*,68
wealth,wlth_tot_deb_xhr_rd_19*,69
wealth,wlth_tot_deb_xhr_rd_20*,70
wealth,wlth_tot_deb_xhr_rdf_19*,71
wealth,wlth_tot_deb_xhr_rdf_20*,72
wealth,wlth_home_net_nd_19*,73
wealth,wlth_home_net_nd_20*,74
wealth,wlth_home_net_ndf_19*,75
wealth,wlth_home_net_ndf_20*,76
wealth,wlth_home_net_rd_19*,77
wealth,wlth_home_net_rd_20*,78
wealth,wlth_home_net_rdf_19*,79
wealth,wlth_home_net_rdf_20*,80
wealth,wlth_home_ass_nd_19*,81
wealth,wlth_home_ass_nd_20*,82
wealth,wlth_home_ass_ndf_19*,83
wealth,wlth_home_ass_ndf_20*,84
wealth,wlth_home_ass_rd_19*,85
wealth,wlth_home_ass_rd_20*,86
wealth,wlth_home_ass_rdf_19*,87
wealth,wlth_home_ass_rdf_20*,88
wealth,wlth_home_deb_nd_19*,89
wealth,wlth_home_deb_nd_20*,90
wealth,wlth_home_deb_ndf_19*,91
wealth,wlth_home_deb_ndf_20*,92
wealth,wlth_home_deb_rd_19*,93
wealth,wlth_home_deb_rd_20*,94
wealth,wlth_home_deb_rdf_19*,95
wealth,wlth_home_deb_rdf_20*,96
wealth,wlth_real_net_nd_19*,97
wealth,wlth_real_net_nd_20*,98
wealth,wlth_real_net_ndf_19*,99
wealth,wlth_real_net_ndf_20*,100
wealth,wlth_real_net_rd_19*,101
wealth,wlth_real_net_rd_20*,102
wealth,wlth_real_net_rdf_19*,103
wealth,wlth_real_net_rdf_20*,104
wealth,wlth_real_ass_nd_20*,105
wealth,wlth_real_ass_ndf_20*,106
wealth,wlth_real_ass_rd_20*,107
wealth,wlth_real_ass_rdf_20*,108
wealth,wlth_real_deb_nd_20*,109
wealth,wlth_real_deb_ndf_20*,110
wealth,wlth_real_deb_rd_20*,111
wealth,wlth_real_deb_rdf_20*,112
wealth,wlth_fbus_net_nd_19*,113
wealth,wlth_fbus_net_nd_20*,114
wealth,wlth_fbus_net_ndf_19*,115
wealth,wlth_fbus_net_ndf_20*,116
wealth,wlth_fbus_net_rd_19*,117
wealth,wlth_fbus_net_rd_20*,118
wealth,wlth_fbus_net_rdf_19*,119
wealth,wlth_fbus_net_rdf_20*,120
wealth,wlth_fbus_ass_nd_20*,121
wealth,wlth_fbus_ass_ndf_20*,122
wealth,wlth_fbus_ass_rd_20*,123
wealth,wlth_fbus_ass_rdf_20*,124
wealth,wlth_fbus_deb_nd_20*,125
wealth,wlth_fbus_deb_ndf_20*,126
wealth,wlth_fbus_deb_rd_20*,127
wealth,wlth_fbus_deb_rdf_20*,128
wealth,wlth_savi_net_nd_19*,129
wealth,wlth_savi_net_nd_20*,130
wealth,wlth_savi_net_ndf_19*,131
wealth,wlth_savi_net_ndf_20*,132
wealth,wlth_savi_net_rd_19*,133
wealth,wlth_savi_net_rd_20*,134
wealth,wlth_savi_net_rdf_19*,135
wealth,wlth_savi_net_rdf_20*,136
wealth,wlth_savi_bnk_nd_20*,137
wealth,wlth_savi_bnk_ndf_20*,138
wealth,wlth_savi_bnk_rd_20*,139
wealth,wlth_savi_bnk_rdf_20*,140
wealth,wlth_savi_bnd_nd_20*,141
wealth,wlth_savi_bnd_ndf_20*,142
wealth,wlth_savi_bnd_rd_20*,143
wealth,wlth_savi_bnd_rdf_20*,144
wealth,wlth_inve_net_nd_19*,145
wealth,wlth_inve_net_nd_20*,146
wealth,wlth_inve_net_ndf_19*,147
wealth,wlth_inve_net_ndf_20*,148
wealth,wlth_inve_net_rd_19*,149
wealth,wlth_inve_net_rd_20*,150
wealth,wlth_inve_net_rdf_19*,151
wealth,wlth_inve_net_rdf_20*,152
wealth,wlth_inve_ira_nd_19*,153
wealth,wlth_inve_ira_nd_20*,154
wealth,wlth_inve_ira_ndf_19*,155
wealth,wlth_inve_ira_ndf_20*,156
wealth,wlth_inve_ira_rd_19*,157
wealth,wlth_inve_ira_rd_20*,158
wealth,wlth_inve_ira_rdf_19*,159
wealth,wlth_inve_ira_rdf_20*,160
wealth,wlth_inve_stk_nd_19*,161
wealth,wlth_inve_stk_nd_20*,162
wealth,wlth_inve_stk_ndf_19*,163
wealth,wlth_inve_stk_ndf_20*,164
wealth,wlth_inve_stk_rd_19*,165
wealth,wlth_inve_stk_rd_20*,166
wealth,wlth_inve_stk_rdf_19*,167
wealth,wlth_inve_stk_rdf_20*,168
wealth,wlth_vehi_net_nd_19*,169
wealth,wlth_vehi_net_nd_20*,170
wealth,wlth_vehi_net_ndf_19*,171
wealth,wlth_vehi_net_ndf_20*,172
wealth,wlth_vehi_net_rd_19*,173
wealth,wlth_vehi_net_rd_20*,174
wealth,wlth_vehi_net_rdf_19*,175
wealth,wlth_vehi_net_rdf_20*,176
wealth,wlth_oass_net_nd_19*,177
wealth,wlth_oass_net_nd_20*,178
wealth,wlth_oass_net_ndf_19*,179
wealth,wlth_oass_net_ndf_20*,180
wealth,wlth_oass_net_rd_19*,181
wealth,wlth_oass_net_rd_20*,182
wealth,wlth_oass_net_rdf_19*,183
wealth,wlth_oass_net_rdf_20*,184
wealth,wlth_odeb_net_nd_19*,185
wealth,wlth_odeb_net_nd_20*,186
wealth,wlth_odeb_net_ndf_19*,187
wealth,wlth_odeb_net_ndf_20*,188
wealth,wlth_odeb_net_rd_19*,189
wealth,wlth_odeb_net_rd_20*,190
wealth,wlth_odeb_net_rdf_19*,191
wealth,wlth_odeb_net_rdf_20*,192
wealth,wlth_odeb_cre_nd_20*,193
wealth,wlth_odeb_cre_ndf_20*,194
wealth,wlth_odeb_cre_rd_20*,195
wealth,wlth_odeb_cre_rdf_20*,196
wealth,wlth_odeb_fam_nd_20*,197
wealth,wlth_odeb_fam_ndf_20*,198
wealth,wlth_odeb_fam_rd_20*,199
wealth,wlth_odeb_fam_rdf_20*,200
wealth,wlth_odeb_leg_nd_20*,201
wealth,wlth_odeb_leg_ndf_20*,202
wealth,wlth_odeb_leg_rd_20*,203
wealth,wlth_odeb_leg_rdf_20*,204
wealth,wlth_odeb_med_nd_20*,205
wealth,wlth_odeb_med_ndf_20*,206
wealth,wlth_odeb_med_rd_20*,207
wealth,wlth_odeb_med_rdf_20*,208
wealth,wlth_odeb_stu_nd_20*,209
wealth,wlth_odeb_stu_ndf_20*,210
wealth,wlth_odeb_stu_rd_20*,211
wealth,wlth_odeb_stu_rdf_20*,212
wealth,wlth_odeb_rem_nd_20*,213
wealth,wlth_odeb_rem_ndf_20*,214
wealth,wlth_odeb_rem_rd_20*,215
wealth,wlth_odeb_rem_rdf_20*,216
relationship_id,rel_par_tot,1
relationship_id,rel_par_bf_id,2
relationship_id,rel_par_bm_id,3
relationship_id,rel_par_af1_id,4
relationship_id,rel_par_af2_id,5
relationship_id,rel_par_am1_id,6
relationship_id,rel_par_am2_id,7
relationship_id,rel_chi_tot,8
relationship_id,rel_chi_rep,9
relationship_id,rel_chi1_id,10
relationship_id,rel_chi1_type,11
relationship_id,rel_chi1_byear,12
relationship_id,rel_chi2_id,13
relationship_id,rel_chi2_type,14
relationship_id,rel_chi2_byear,15
relationship_id,rel_chi3_id,16
relationship_id,rel_chi3_type,17
relationship_id,rel_chi3_byear,18
relationship_id,rel_chi4_id,19
relationship_id,rel_chi4_type,20
relationship_id,rel_chi4_byear,21
relationship_id,rel_chi5_id,22
relationship_id,rel_chi5_type,23
relationship_id,rel_chi5_byear,24
relationship_id,rel_chi6_id,25
relationship_id,rel_chi6_type,26
relationship_id,rel_chi6_byear,27
relationship_id,rel_chi7_id,28
relationship_id,rel_chi7_type,29
relationship_id,rel_chi7_byear,30
relationship_id,rel_chi8_id,31
relationship_id,rel_chi8_type,32
relationship_id,rel_chi8_byear,33
relationship_id,rel_chi9_id,34
relationship_id,rel_chi9_type,35
relationship_id,rel_chi9_byear,36
relationship_id,rel_chi10_id,37
relationship_id,rel_chi10_type,38
relationship_id,rel_chi10_byear,39
relationship_id,rel_chi11_id,40
relationship_id,rel_chi11_type,41
relationship_id,rel_chi11_byear,42
relationship_id,rel_chi12_id,43
relationship_id,rel_chi12_type,44
relationship_id,rel_chi12_byear,45
relationship_id,rel_chi13_id,46
relationship_id,rel_chi13_type,47
relationship_id,rel_chi13_byear,48
relationship_id,rel_chi14_id,49
relationship_id,rel_chi14_type,50
relationship_id,rel_chi14_byear,51
relationship_id,rel_chi15_id,52
relationship_id,rel_chi15_type,53
relationship_id,rel_chi15_byear,54
relationship_id,rel_chi16_id,55
relationship_id,rel_chi16_type,56
relationship_id,rel_chi16_byear,57
relationship_id,rel_chi17_id,58
relationship_id,rel_chi17_type,59
relationship_id,rel_chi17_byear,60
relationship_id,rel_chi18_id,61
relationship_id,rel_chi18_type,62
relationship_id,rel_chi18_byear,63
relationship_id,rel_chi19_id,64
relationship_id,rel_chi19_type,65
relationship_id,rel_chi19_byear,66
relationship_id,rel_chi20_id,67
relationship_id,rel_chi20_type,68
relationship_id,rel_chi20_byear,69
relationship_id,rel_mar_tot,70
relationship_id,rel_mar_rep,71
relationship_id,rel_mar1_id,72
relationship_id,rel_mar1_myear,73
relationship_id,rel_mar1_syear,74
relationship_id,rel_mar1_dyear,75
relationship_id,rel_mar2_id,76
relationship_id,rel_mar2_myear,77
relationship_id,rel_mar2_syear,78
relationship_id,rel_mar2_dyear,79
relationship_id,rel_mar3_id,80
relationship_id,rel_mar3_myear,81
relationship_id,rel_mar3_syear,82
relationship_id,rel_mar3_dyear,83
relationship_id,rel_mar4_id,84
relationship_id,rel_mar4_myear,85
relationship_id,rel_mar4_syear,86
relationship_id,rel_mar4_dyear,87
relationship_id,rel_mar5_id,88
relationship_id,rel_mar5_myear,89
relationship_id,rel_mar5_syear,90
relationship_id,rel_mar5_dyear,91
relationship_id,rel_mar6_id,92
relationship_id,rel_mar6_myear,93
relationship_id,rel_mar6_syear,94
relationship_id,rel_mar6_dyear,95
relationship_id,rel_mar7_id,96
relationship_id,rel_mar7_myear,97
relationship_id,rel_mar7_syear,98
relationship_id,rel_mar7_dyear,99
relationship_id,rel_mar8_id,100
relationship_id,rel_mar8_myear,101
relationship_id,rel_mar8_syear,102
relationship_id,rel_mar8_dyear,103
labor_income,labor_tot_income_nd_rp_19*,1
labor_income,labor_tot_income_ndf_rp_19*,2
labor_income,labor_tot_income_rd_rp_19*,3
labor_income,labor_tot_income_rdf_rp_19*,4
labor_income,labor_tot_income_excbussfarm_nd_rp_19*,5
labor_income,labor_tot_income_excbussfarm_nd_rp_20*,6
labor_income,labor_tot_income_excbussfarm_ndf_rp_19*,7
labor_income,labor_tot_income_excbussfarm_ndf_rp_20*,8
labor_income,labor_tot_income_excbussfarm_rd_rp_19*,9
labor_income,labor_tot_income_excbussfarm_rd_rp_20*,10
labor_income,labor_tot_income_excbussfarm_rdf_rp_19*,11
labor_income,labor_tot_income_excbussfarm_rdf_rp_20*,12
labor_income,labor_tot_income_nd_sp_19*,13
labor_income,labor_tot_income_ndf_sp_19*,14
labor_income,labor_tot_income_rd_sp_19*,15
labor_income,labor_tot_income_rdf_sp_19*,16
labor_income,labor_tot_income_excbussfarm_nd_sp_19*,17
labor_income,labor_tot_income_excbussfarm_nd_sp_20*,18
labor_income,labor_tot_income_excbussfarm_ndf_sp_19*,19
labor_income,labor_tot_income_excbussfarm_ndf_sp_20*,20
labor_income,labor_tot_income_excbussfarm_rd_sp_19*,21
labor_income,labor_tot_income_excbussfarm_rd_sp_20*,22
labor_income,labor_tot_income_excbussfarm_rdf_sp_19*,23
labor_income,labor_tot_income_excbussfarm_rdf_sp_20*,24
labor_income,labor_wage_income_nd_rp_19*,25
labor_income,labor_wage_income_nd_rp_20*,26
labor_income,labor_wage_income_ndf_rp_19*,27
labor_income,labor_wage_income_ndf_rp_20*,28
labor_income,labor_wage_income_rd_rp_19*,29
labor_income,labor_wage_income_rd_rp_20*,30
labor_income,labor_wage_income_rdf_rp_19*,31
labor_income,labor_wage_income_rdf_rp_20*,32
labor_income,labor_wage_income_nd_sp_20*,33
labor_income,labor_wage_income_ndf_sp_20*,34
labor_income,labor_wage_income_rd_sp_20*,35
labor_income,labor_wage_income_rdf_sp_20*,36
labor_income,labor_business_income_nd_rp_19*,37
labor_income,labor_business_income_nd_rp_20*,38
labor_income,labor_business_income_ndf_rp_19*,39
labor_income,labor_business_income_ndf_rp_20*,40
labor_income,labor_business_income_rd_rp_19*,41
labor_income,labor_business_income_rd_rp_20*,42
labor_income,labor_business_income_rdf_rp_19*,43
labor_income,labor_business_income_rdf_rp_20*,44
labor_income,labor_business_income_nd_sp_19*,45
labor_income,labor_business_income_nd_sp_20*,46
labor_income,labor_business_income_ndf_sp_19*,47
labor_income,labor_business_income_ndf_sp_20*,48
labor_income,labor_business_income_rd_sp_19*,49
labor_income,labor_business_income_rd_sp_20*,50
labor_income,labor_business_income_rdf_sp_19*,51
labor_income,labor_business_income_rdf_sp_20*,52
labor_income,labor_farm_income_nd_rp_19*,53
labor_income,labor_farm_income_ndf_rp_19*,54
labor_income,labor_farm_income_rd_rp_19*,55
labor_income,labor_farm_income_rdf_rp_19*,56
labor_income,labor_farm_income_nd_sp_19*,57
labor_income,labor_farm_income_ndf_sp_19*,58
labor_income,labor_farm_income_rd_sp_19*,59
labor_income,labor_farm_income_rdf_sp_19*,60
labor_income,labor_profes_income_nd_rp_19*,61
labor_income,labor_profes_income_nd_rp_20*,62
labor_income,labor_profes_income_ndf_rp_19*,63
labor_income,labor_profes_income_ndf_rp_20*,64
labor_income,labor_profes_income_rd_rp_19*,65
labor_income,labor_profes_income_rd_rp_20*,66
labor_income,labor_profes_income_rdf_rp_19*,67
labor_income,labor_profes_income_rdf_rp_20*,68
labor_income,labor_profes_income_nd_sp_20*,69
labor_income,labor_profes_income_ndf_sp_20*,70
labor_income,labor_profes_income_rd_sp_20*,71
labor_income,labor_profes_income_rdf_sp_20*,72
labor_income,labor_garden_income_nd_rp_19*,73
labor_income,labor_garden_income_nd_rp_20*,74
labor_income,labor_garden_income_ndf_rp_19*,75
labor_income,labor_garden_income_ndf_rp_20*,76
labor_income,labor_garden_income_rd_rp_19*,77
labor_income,labor_garden_income_rd_rp_20*,78
labor_income,labor_garden_income_rdf_rp_19*,79
labor_income,labor_garden_income_rdf_rp_20*,80
labor_income,labor_bonus_income_nd_rp_19*,81
labor_income,labor_bonus_income_nd_rp_20*,82
labor_income,labor_bonus_income_ndf_rp_19*,83
labor_income,labor_bonus_income_ndf_rp_20*,84
labor_income,labor_bonus_income_rd_rp_19*,85
labor_income,labor_bonus_income_rd_rp_20*,86
labor_income,labor_bonus_income_rdf_rp_19*,87
labor_income,labor_bonus_income_rdf_rp_20*,88
labor_income,labor_bonus_income_nd_sp_20*,89
labor_income,labor_bonus_income_ndf_sp_20*,90
labor_income,labor_bonus_income_rd_sp_20*,91
labor_income,labor_bonus_income_rdf_sp_20*,92
labor_income,labor_overtime_income_nd_rp_19*,93
labor_income,labor_overtime_income_nd_rp_20*,94
labor_income,labor_overtime_income_ndf_rp_19*,95
labor_income,labor_overtime_income_ndf_rp_20*,96
labor_income,labor_overtime_income_rd_rp_19*,97
labor_income,labor_overtime_income_rd_rp_20*,98
labor_income,labor_overtime_income_rdf_rp_19*,99
labor_income,labor_overtime_income_rdf_rp_20*,100
labor_income,labor_overtime_income_nd_sp_20*,101
labor_income,labor_overtime_income_ndf_sp_20*,102
labor_income,labor_overtime_income_rd_sp_20*,103
labor_income,labor_overtime_income_rdf_sp_20*,104
labor_income,labor_tips_income_nd_rp_19*,105
labor_income,labor_tips_income_nd_rp_20*,106
labor_income,labor_tips_income_ndf_rp_19*,107
labor_income,labor_tips_income_ndf_rp_20*,108
labor_income,labor_tips_income_rd_rp_19*,109
labor_income,labor_tips_income_rd_rp_20*,110
labor_income,labor_tips_income_rdf_rp_19*,111
labor_income,labor_tips_income_rdf_rp_20*,112
labor_income,labor_tips_income_nd_sp_20*,113
labor_income,labor_tips_income_ndf_sp_20*,114
labor_income,labor_tips_income_rd_sp_20*,115
labor_income,labor_tips_income_rdf_sp_20*,116
labor_income,labor_comissions_income_nd_rp_19*,117
labor_income,labor_comissions_income_nd_rp_20*,118
labor_income,labor_comissions_income_ndf_rp_19*,119
labor_income,labor_comissions_income_ndf_rp_20*,120
labor_income,labor_comissions_income_rd_rp_19*,121
labor_income,labor_comissions_income_rd_rp_20*,122
labor_income,labor_comissions_income_rdf_rp_19*,123
labor_income,labor_comissions_income_rdf_rp_20*,124
labor_income,labor_comissions_income_nd_sp_20*,125
labor_income,labor_comissions_income_ndf_sp_20*,126
labor_income,labor_comissions_income_rd_sp_20*,127
labor_income,labor_comissions_income_rdf_sp_20*,128
labor_income,labor_extrawork_income_nd_rp_19*,129
labor_income,labor_extrawork_income_nd_rp_20*,130
labor_income,labor_extrawork_income_ndf_rp_19*,131
labor_income,labor_extrawork_income_ndf_rp_20*,132
labor_income,labor_extrawork_income_rd_rp_19*,133
labor_income,labor_extrawork_income_rd_rp_20*,134
labor_income,labor_extrawork_income_rdf_rp_19*,135
labor_income,labor_extrawork_income_rdf_rp_20*,136
labor_income,labor_extrawork_income_nd_sp_20*,137
labor_income,labor_extrawork_income_ndf_sp_20*,138
labor_income,labor_extrawork_income_rd_sp_20*,139
labor_income,labor_extrawork_income_rdf_sp_20*,140
labor_income,labor_miscellaneous_income_nd_rp_19*,141
labor_income,labor_miscellaneous_income_nd_rp_20*,142
labor_income,labor_miscellaneous_income_ndf_rp_19*,143
labor_income,labor_miscellaneous_income_ndf_rp_20*,144
labor_income,labor_miscellaneous_income_rd_rp_19*,145
labor_income,labor_miscellaneous_income_rd_rp_20*,146
labor_income,labor_miscellaneous_income_rdf_rp_19*,147
labor_income,labor_miscellaneous_income_rdf_rp_20*,148
labor_income,labor_miscellaneous_income_nd_sp_20*,149
labor_income,labor_miscellaneous_income_ndf_sp_20*,150
labor_income,labor_miscellaneous_income_rd_sp_20*,151
labor_income,labor_miscellaneous_income_rdf_sp_20*,152
labor_income,labor_gig_income_nd_rp_20*,153
labor_income,labor_gig_income_ndf_rp_20*,154
labor_income,labor_gig_income_rd_rp_20*,155
labor_income,labor_gig_income_rdf_rp_20*,156
labor_income,labor_gig_income_nd_sp_20*,157
labor_income,labor_gig_income_ndf_sp_20*,158
labor_income,labor_gig_income_rd_sp_20*,159
labor_income,labor_gig_income_rdf_sp_20*,160
capital_income,capital_business_income_nd_rc_19*,1
capital_income,capital_business_income_ndf_rc_19*,2
capital_income,capital_business_income_rd_rc_19*,3
capital_income,capital_business_income_rdf_rc_19*,4
capital_income,capital_business_income_nd_rp_19*,5
capital_income,capital_business_income_nd_rp_20*,6
capital_income,capital_business_income_ndf_rp_19*,7
capital_income,capital_business_income_ndf_rp_20*,8
capital_income,capital_business_income_rd_rp_19*,9
capital_income,capital_business_income_rd_rp_20*,10
capital_income,capital_business_income_rdf_rp_19*,11
capital_income,capital_business_income_rdf_rp_20*,12
capital_income,capital_business_income_nd_sp_19*,13
capital_income,capital_business_income_nd_sp_20*,14
capital_income,capital_business_income_ndf_sp_19*,15
capital_income,capital_business_income_ndf_sp_20*,16
capital_income,capital_business_income_rd_sp_19*,17
capital_income,capital_business_income_rd_sp_20*,18
capital_income,capital_business_income_rdf_sp_19*,19
capital_income,capital_business_income_rdf_sp_20*,20
capital_income,capital_farm_income_nd_rc_19*,21
capital_income,capital_farm_income_ndf_rc_19*,22
capital_income,capital_farm_income_rd_rc_19*,23
capital_income,capital_farm_income_rdf_rc_19*,24
capital_income,capital_rent_div_intst_trst_income_nd_rp_19*,25
capital_income,capital_rent_div_intst_trst_income_ndf_rp_19*,26
capital_income,capital_rent_div_intst_trst_income_rd_rp_19*,27
capital_income,capital_rent_div_intst_trst_income_rdf_rp_19*,28
capital_income,capital_rental_income_nd_rp_19*,29
capital_income,capital_rental_income_nd_rp_20*,30
capital_income,capital_rental_income_ndf_rp_19*,31
capital_income,capital_rental_income_ndf_rp_20*,32
capital_income,capital_rental_income_rd_rp_19*,33
capital_income,capital_rental_income_rd_rp_20*,34
capital_income,capital_rental_income_rdf_rp_19*,35
capital_income,capital_rental_income_rdf_rp_20*,36
capital_income,capital_div_intst_trst_income_nd_rp_19*,37
capital_income,capital_div_intst_trst_income_ndf_rp_19*,38
capital_income,capital_div_intst_trst_income_rd_rp_19*,39
capital_income,capital_div_intst_trst_income_rdf_rp_19*,40
capital_income,capital_div_income_nd_rp_19*,41
capital_income,capital_div_income_nd_rp_20*,42
capital_income,capital_div_income_ndf_rp_19*,43
capital_income,capital_div_income_ndf_rp_20*,44
capital_income,capital_div_income_rd_rp_19*,45
capital_income,capital_div_income_rd_rp_20*,46
capital_income,capital_div_income_rdf_rp_19*,47
capital_income,capital_div_income_rdf_rp_20*,48
capital_income,capital_intst_income_nd_rp_19*,49
capital_income,capital_intst_income_nd_rp_20*,50
capital_income,capital_intst_income_ndf_rp_19*,51
capital_income,capital_intst_income_ndf_rp_20*,52
capital_income,capital_intst_income_rd_rp_19*,53
capital_income,capital_intst_income_rd_rp_20*,54
capital_income,capital_intst_income_rdf_rp_19*,55
capital_income,capital_intst_income_rdf_rp_20*,56
capital_income,capital_trst_royalties_nd_rp_19*,57
capital_income,capital_trst_royalties_nd_rp_20*,58
capital_income,capital_trst_royalties_ndf_rp_19*,59
capital_income,capital_trst_royalties_ndf_rp_20*,60
capital_income,capital_trst_royalties_rd_rp_19*,61
capital_income,capital_trst_royalties_rd_rp_20*,62
capital_income,capital_trst_royalties_rdf_rp_19*,63
capital_income,capital_trst_royalties_rdf_rp_20*,64
capital_income,capital_rent_div_intst_trst_income_nd_sp_19*,65
capital_income,capital_rent_div_intst_trst_income_ndf_sp_19*,66
capital_income,capital_rent_div_intst_trst_income_rd_sp_19*,67
capital_income,capital_rent_div_intst_trst_income_rdf_sp_19*,68
capital_income,capital_rental_income_nd_sp_20*,69
capital_income,capital_rental_income_ndf_sp_20*,70
capital_income,capital_rental_income_rd_sp_20*,71
capital_income,capital_rental_income_rdf_sp_20*,72
capital_income,capital_div_income_nd_sp_19*,73
capital_income,capital_div_income_nd_sp_20*,74
capital_income,capital_div_income_ndf_sp_19*,75
capital_income,capital_div_income_ndf_sp_20*,76
capital_income,capital_div_income_rd_sp_19*,77
capital_income,capital_div_income_rd_sp_20*,78
capital_income,capital_div_income_rdf_sp_19*,79
capital_income,capital_div_income_rdf_sp_20*,80
capital_income,capital_intst_income_nd_sp_19*,81
capital_income,capital_intst_income_nd_sp_20*,82
capital_income,capital_intst_income_ndf_sp_19*,83
capital_income,capital_intst_income_ndf_sp_20*,84
capital_income,capital_intst_income_rd_sp_19*,85
capital_income,capital_intst_income_rd_sp_20*,86
capital_income,capital_intst_income_rdf_sp_19*,87
capital_income,capital_intst_income_rdf_sp_20*,88
capital_income,capital_trst_royalties_nd_sp_19*,89
capital_income,capital_trst_royalties_nd_sp_20*,90
capital_income,capital_trst_royalties_ndf_sp_19*,91
capital_income,capital_trst_royalties_ndf_sp_20*,92
capital_income,capital_trst_royalties_rd_sp_19*,93
capital_income,capital_trst_royalties_rd_sp_20*,94
capital_income,capital_trst_royalties_rdf_sp_19*,95
capital_income,capital_trst_royalties_rdf_sp_20*,96
income,farm_grossrevenue_nd_rc_19*,1
income,farm_grossrevenue_nd_rc_20*,2
income,farm_grossrevenue_ndf_rc_19*,3
income,farm_grossrevenue_ndf_rc_20*,4
income,farm_grossrevenue_rd_rc_19*,5
income,farm_grossrevenue_rd_rc_20*,6
income,farm_grossrevenue_rdf_rc_19*,7
income,farm_grossrevenue_rdf_rc_20*,8
income,farm_expense_nd_rc_19*,9
income,farm_expense_nd_rc_20*,10
income,farm_expense_ndf_rc_19*,11
income,farm_expense_ndf_rc_20*,12
income,farm_expense_rd_rc_19*,13
income,farm_expense_rd_rc_20*,14
income,farm_expense_rdf_rc_19*,15
income,farm_expense_rdf_rc_20*,16
income,business_netprofit_nd_rc_20*,17
income,business_netprofit_ndf_rc_20*,18
income,business_netprofit_rd_rc_20*,19
income,business_netprofit_rdf_rc_20*,20
income,business_grossrevenue_nd_rc_19*,21
income,business_grossrevenue_nd_rc_20*,22
income,business_grossrevenue_ndf_rc_19*,23
income,business_grossrevenue_ndf_rc_20*,24
income,business_grossrevenue_rd_rc_19*,25
income,business_grossrevenue_rd_rc_20*,26
income,business_grossrevenue_rdf_rc_19*,27
income,business_grossrevenue_rdf_rc_20*,28
income,business_expense_nd_rc_19*,29
income,business_expense_nd_rc_20*,30
income,business_expense_ndf_rc_19*,31
income,business_expense_ndf_rc_20*,32
income,business_expense_rd_rc_19*,33
income,business_expense_rd_rc_20*,34
income,business_expense_rdf_rc_19*,35
income,business_expense_rdf_rc_20*,36
income,business_income_nd_rc_19*,37
income,business_income_nd_rc_20*,38
income,business_income_ndf_rc_19*,39
income,business_income_ndf_rc_20*,40
income,business_income_rd_rc_19*,41
income,business_income_rd_rc_20*,42
income,business_income_rdf_rc_19*,43
income,business_income_rdf_rc_20*,44
income,farm_income_nd_rc_19*,45
income,farm_income_nd_rc_20*,46
income,farm_income_ndf_rc_19*,47
income,farm_income_ndf_rc_20*,48
income,farm_income_rd_rc_19*,49
income,farm_income_rd_rc_20*,50
income,farm_income_rdf_rc_19*,51
income,farm_income_rdf_rc_20*,52
income,taxable_income_nd_rc_19*,53
income,taxable_income_nd_rc_20*,54
income,taxable_income_ndf_rc_19*,55
income,taxable_income_ndf_rc_20*,56
income,taxable_income_rd_rc_19*,57
income,taxable_income_rd_rc_20*,58
income,taxable_income_rdf_rc_19*,59
income,taxable_income_rdf_rc_20*,60
